title,author
Harry Potter and the Sorcerer's Stone,J.K. Rowling
The Hobbit,J.R.R. Tolkien
Harry Potter and the Chamber of Secrets,J.K. Rowling
Harry Potter and the Prisoner of Azkaban,J.K. Rowling
Harry Potter and the Goblet of Fire,J.K. Rowling
Harry Potter and the Deathly Hallows,J.K. Rowling
Harry Potter and the Half-Blood Prince,J.K. Rowling
Harry Potter and the Order of the Phoenix,J.K. Rowling
A Game of Thrones,George R.R. Martin
The Fellowship of the Ring,J.R.R. Tolkien
A Clash of Kings ,George R.R. Martin
The Two Towers,J.R.R. Tolkien
The Name of the Wind,Patrick Rothfuss
The Return of the King,J.R.R. Tolkien
A Storm of Swords,George R.R. Martin
A Feast for Crows,George R.R. Martin
"The Lion, the Witch and the Wardrobe",C.S. Lewis
Eragon,Christopher Paolini
The Golden Compass,Philip Pullman
A Dance with Dragons,George R.R. Martin
American Gods,Neil Gaiman
The Lightning Thief,Rick Riordan
The Final Empire,Brandon Sanderson
Twilight,Stephenie Meyer
City of Bones,Cassandra Clare
The Lord of the Rings,J.R.R. Tolkien
Neverwhere,Neil Gaiman
The Eye of the World,Robert Jordan
The Wise Man's Fear,Patrick Rothfuss
Throne of Glass,Sarah J. Maas
The Night Circus,Erin Morgenstern
Graceling,Kristin Cashore
The Princess Bride,William Goldman
"Good Omens: The Nice and Accurate Prophecies of Agnes Nutter, Witch",Terry Pratchett
The Color of Magic,Terry Pratchett
Harry Potter and the Cursed Child: Parts One and Two,John Tiffany
The Subtle Knife,Philip Pullman
The Lies of Locke Lamora,Scott Lynch
The Sea of Monsters,Rick Riordan
Assassin's Apprentice,Robin Hobb
Eldest,Christopher Paolini
The Silmarillion,J.R.R. Tolkien
The Magician's Nephew,C.S. Lewis
The Hunger Games,Suzanne Collins
The Well of Ascension,Brandon Sanderson
The Way of Kings,Brandon Sanderson
A Wizard of Earthsea,Ursula K. Le Guin
New Moon,Stephenie Meyer
The Amber Spyglass,Philip Pullman
A Court of Thorns and Roses,Sarah J. Maas
A Darker Shade of Magic,V.E. Schwab
A Wrinkle in Time,Madeleine L'Engle
Six of Crows,Leigh Bardugo
Miss Peregrine's Home for Peculiar Children,Ransom Riggs
Shadow and Bone,Leigh Bardugo
The Graveyard Book,Neil Gaiman
Uprooted,Naomi Novik
The Titan's Curse,Rick Riordan
Eclipse,Stephenie Meyer
Prince Caspian,C.S. Lewis
The Battle of the Labyrinth,Rick Riordan
City of Ashes,Cassandra Clare
The Hero of Ages,Brandon Sanderson
The Voyage of the Dawn Treader,C.S. Lewis
Breaking Dawn,Stephenie Meyer
Daughter of Smoke &amp; Bone,Laini Taylor
The Tales of Beedle the Bard,J.K. Rowling
Howl's Moving Castle,Diana Wynne Jones
The Gunslinger,Stephen King
The Last Olympian,Rick Riordan
The Chronicles of Narnia,C.S. Lewis
City of Glass,Cassandra Clare
Brisingr,Christopher Paolini
The Great Hunt,Robert Jordan
The Horse and His Boy,C.S. Lewis
Jonathan Strange &amp; Mr Norrell,Susanna Clarke
Crown of Midnight,Sarah J. Maas
Catching Fire,Suzanne Collins
The Magicians,Lev Grossman
Sabriel,Garth Nix
Coraline,Neil Gaiman
The Dragon Reborn,Robert Jordan
Storm Front,Jim Butcher
Wicked: The Life and Times of the Wicked Witch of the West,Gregory Maguire
The Silver Chair,C.S. Lewis
Red Queen,Victoria Aveyard
Wizard's First Rule,Terry Goodkind
Inkheart,Cornelia Funke
Clockwork Angel,Cassandra Clare
Mockingjay,Suzanne Collins
Artemis Fowl,Eoin Colfer
The Last Battle,C.S. Lewis
The Blade Itself,Joe Abercrombie
Poison Study,Maria V. Snyder
The Mists of Avalon,Marion Zimmer Bradley
The Shadow Rising,Robert Jordan
The Lost Hero,Rick Riordan
Heir of Fire,Sarah J. Maas
A Court of Mist and Fury,Sarah J. Maas
Cinder,Marissa Meyer
Mort,Terry Pratchett
Elantris,Brandon Sanderson
The Raven Boys,Maggie Stiefvater
Fantastic Beasts and Where to Find Them,Newt Scamander
Royal Assassin,Robin Hobb
An Ember in the Ashes,Sabaa Tahir
Anansi Boys,Neil Gaiman
City of Fallen Angels,Cassandra Clare
The Fires of Heaven,Robert Jordan
Inheritance,Christopher Paolini
The Light Fantastic,Terry Pratchett
Equal Rites,Terry Pratchett
A Discovery of Witches,Deborah Harkness
Lord of Chaos,Robert Jordan
Fire,Kristin Cashore
Ella Enchanted,Gail Carson Levine
Words of Radiance,Brandon Sanderson
Guards! Guards!,Terry Pratchett
Queen of Shadows,Sarah J. Maas
The Fifth Season,N.K. Jemisin
Assassin's Quest,Robin Hobb
A Crown of Swords,Robert Jordan
Siege and Storm,Leigh Bardugo
The Way of Shadows,Brent Weeks
Crooked Kingdom,Leigh Bardugo
His Majesty's Dragon,Naomi Novik
Alanna: The First Adventure,Tamora Pierce
The Alloy of Law,Brandon Sanderson
The Son of Neptune,Rick Riordan
Seraphina,Rachel Hartman
The Path of Daggers,Robert Jordan
City of Lost Souls,Cassandra Clare
Gardens of the Moon,Steven Erikson
Clockwork Prince,Cassandra Clare
Pawn of Prophecy,David Eddings
Winter's Heart,Robert Jordan
Warbreaker,Brandon Sanderson
A Court of Wings and Ruin,Sarah J. Maas
The Sword of Shannara,Terry Brooks
Outlander,Diana Gabaldon
Red Seas Under Red Skies,Scott Lynch
The Bear and the Nightingale,Katherine Arden
Alice's Adventures in Wonderland &amp; Through the Looking-Glass,Lewis Carroll
Wyrd Sisters,Terry Pratchett
The Drawing of the Three,Stephen King
Days of Blood &amp; Starlight,Laini Taylor
Divergent,Veronica Roth
The Mark of Athena,Rick Riordan
The Last Wish,Andrzej Sapkowski
The Wonderful Wizard of Oz,L. Frank Baum
The Neverending Story,Michael Ende
The Warded Man,Peter V. Brett
Fool Moon,Jim Butcher
A Gathering of Shadows,V.E. Schwab
The Last Unicorn,Peter S. Beagle
Clockwork Princess,Cassandra Clare
The Amulet of Samarkand,Jonathan Stroud
Crossroads of Twilight,Robert Jordan
Dragonflight,Anne McCaffrey
Scarlet,Marissa Meyer
The Hundred Thousand Kingdoms,N.K. Jemisin
Furies of Calderon,Jim Butcher
Ruin and Rising,Leigh Bardugo
Prince of Thorns,Mark  Lawrence
Carry On,Rainbow Rowell
Knife of Dreams,Robert Jordan
The Gathering Storm,Robert Jordan
Quidditch Through the Ages,Kennilworthy Whisp
Kushiel's Dart,Jacqueline Carey
Before They Are Hanged,Joe Abercrombie
The Thief,Megan Whalen Turner
The Golem and the Jinni,Helene Wecker
The Tombs of Atuan,Ursula K. Le Guin
Lirael,Garth Nix
Empire of Storms,Sarah J. Maas
The Queen of the Tearling,Erika Johansen
Bitterblue,Kristin Cashore
The Iron King,Julie Kagawa
The Wrath and the Dawn,Renée Ahdieh
Strange the Dreamer,Laini Taylor
City of Heavenly Fire,Cassandra Clare
The Red Pyramid,Rick Riordan
The Slow Regard of Silent Things,Patrick Rothfuss
A Great and Terrible Beauty,Libba Bray
Children of Blood and Bone,Tomi Adeyemi
The Cruel Prince,Holly Black
Sourcery,Terry Pratchett
Stone of Tears,Terry Goodkind
Beautiful Creatures,Kami Garcia
Going Postal,Terry Pratchett
The Black Prism,Brent Weeks
Dead Until Dark,Charlaine Harris
Towers of Midnight,Robert Jordan
Reaper Man,Terry Pratchett
The House of Hades,Rick Riordan
The Wee Free Men,Terry Pratchett
The Dream Thieves,Maggie Stiefvater
Grave Peril,Jim Butcher
The Waste Lands,Stephen King
Last Argument of Kings,Joe Abercrombie
Abhorsen,Garth Nix
Cress,Marissa Meyer
Interview with the Vampire,Anne Rice
Hogfather,Terry Pratchett
Shiver,Maggie Stiefvater
Daughter of the Forest ,Juliet Marillier
Vampire Academy,Richelle Mead
Ship of Magic,Robin Hobb
Magician's Gambit,David Eddings
In the Hand of the Goddess,Tamora Pierce
Caraval,Stephanie Garber
The Children of Húrin,J.R.R. Tolkien
The Magicians' Guild,Trudi Canavan
The Young Elites,Marie Lu
Queen of Sorcery,David Eddings
Dealing with Dragons,Patricia C. Wrede
Men at Arms,Terry Pratchett
The Once and Future King,T.H. White
Pyramids,Terry Pratchett
Magic Study,Maria V. Snyder
The Farthest Shore,Ursula K. Le Guin
The Little Prince,Antoine de Saint-Exupéry
Wizard and Glass,Stephen King
Castle of Wizardry,David Eddings
Enchanters' End Game,David Eddings
Fool's Errand,Robin Hobb
Dragons of Autumn Twilight ,Margaret Weis
Dreams of Gods &amp; Monsters,Laini Taylor
Norse Mythology,Neil Gaiman
Every Heart a Doorway,Seanan McGuire
The Republic of Thieves,Scott Lynch
Witches Abroad,Terry Pratchett
Watership Down,Richard  Adams
The Winner's Curse,Marie Rutkoski
A Memory of Light,Robert Jordan
A Conjuring of Light,V.E. Schwab
Summer Knight,Jim Butcher
The Book of Three,Lloyd Alexander
Magician: Apprentice,Raymond E. Feist
Feet of Clay,Terry Pratchett
The Dragonbone Chair,Tad Williams
Winter,Marissa Meyer
The Ocean at the End of the Lane,Neil Gaiman
Redwall,Brian Jacques
"Blue Lily, Lily Blue",Maggie Stiefvater
The Woman Who Rides Like a Man,Tamora Pierce
Peter Pan,J.M. Barrie
The Alchemyst,Michael Scott
Lioness Rampant,Tamora Pierce
Tigana,Guy Gavriel Kay
The Blood of Olympus,Rick Riordan
Inkspell,Cornelia Funke
The Assassin's Blade,Sarah J. Maas
The Blue Sword,Robin McKinley
The Demon King,Cinda Williams Chima
Finnikin of the Rock,Melina Marchetta
Soul Music,Terry Pratchett
The Arctic Incident,Eoin Colfer
Wild Magic,Tamora Pierce
Steelheart,Brandon Sanderson
Grave Mercy,Robin LaFevers
Shadow's Edge,Brent Weeks
"Hush, Hush",Becca Fitzpatrick
The Hitchhiker's Guide to the Galaxy,Douglas Adams
Hollow City,Ransom Riggs
A Monster Calls,Patrick Ness
The Eyre Affair,Jasper Fforde
Blood Song,Anthony Ryan
Falling Kingdoms,Morgan Rhodes
Dracula,Bram Stoker
Cruel Beauty,Rosamund Hodge
Moving Pictures,Terry Pratchett
The Magician King,Lev Grossman
Soulless,Gail Carriger
The Kiss of Deception,Mary E. Pearson
Heartless,Marissa Meyer
Eric,Terry Pratchett
Lords and Ladies,Terry Pratchett
Death Masks,Jim Butcher
Temple of the Winds,Terry Goodkind
Golden Fool,Robin Hobb
The Elfstones of Shannara ,Terry Brooks
Homeland,R.A. Salvatore
The Scorpio Races,Maggie Stiefvater
Shadows of Self,Brandon Sanderson
Wolves of the Calla,Stephen King
Thud!,Terry Pratchett
Angelfall,Susan Ee
The Host,Stephenie Meyer
Glass Sword,Victoria Aveyard
His Dark Materials,Philip Pullman
New Spring,Robert Jordan
The Fifth Elephant,Terry Pratchett
Thief of Time,Terry Pratchett
The Ruins of Gorlan,John Flanagan
Half a King,Joe Abercrombie
Theft of Swords,Michael J. Sullivan
Fablehaven,Brandon Mull
Oathbringer,Brandon Sanderson
Eon: Dragoneye Reborn,Alison Goodman
The Emperor's Soul,Brandon Sanderson
Beyond the Shadows,Brent Weeks
Rivers of London,Ben Aaronovitch
Spinning Silver,Naomi Novik
The Raven King,Maggie Stiefvater
Magyk,Angie Sage
Monstrous Regiment,Terry Pratchett
Preludes &amp; Nocturnes,Neil Gaiman
Song of Susannah,Stephen King
Snow Like Ashes,Sara Raasch
The Girl Who Circumnavigated Fairyland in a Ship of Her Own Making,Catherynne M. Valente
Blood Rites,Jim Butcher
The Dark Tower,Stephen King
Fire Study,Maria V. Snyder
The Goose Girl,Shannon Hale
The Giver,Lois Lowry
The Eternity Code,Eoin Colfer
Fallen,Lauren Kate
A Torch Against the Night,Sabaa Tahir
A Hat Full of Sky,Terry Pratchett
The Mad Ship,Robin Hobb
Dead Beat,Jim Butcher
Maskerade,Terry Pratchett
The Truth,Terry Pratchett
Making Money,Terry Pratchett
Insurgent,Veronica Roth
Carpe Jugulum,Terry Pratchett
The Curse of Chalion,Lois McMaster Bujold
The Sword of Summer,Rick Riordan
Shadow of Night,Deborah Harkness
Circe,Madeline Miller
Three Dark Crowns,Kendare Blake
Ship of Destiny,Robin Hobb
Rebel of the Sands,Alwyn Hamilton
The Rithmatist,Brandon Sanderson
Academ's Fury,Jim Butcher
Silverthorn,Raymond E. Feist
Soul of the Fire,Terry Goodkind
Vicious,V.E. Schwab
Truthwitch,Susan Dennard
The Book of Lost Things,John Connolly
Wicked Lovely,Melissa Marr
Guardians of the West,David Eddings
Proven Guilty,Jim Butcher
Throne of Jade,Naomi Novik
The Time Traveler's Wife,Audrey Niffenegger
Faith of the Fallen,Terry Goodkind
The Eyes of the Dragon,Stephen King
Living Dead in Dallas,Charlaine Harris
White Night,Jim Butcher
Wintersmith,Terry Pratchett
The Phantom Tollbooth,Norton Juster
The Novice,Trudi Canavan
Hounded,Kevin Hearne
First Test,Tamora Pierce
The Golem's Eye,Jonathan Stroud
Perdido Street Station,China Miéville
Darkfever,Karen Marie Moning
Charlie and the Chocolate Factory,Roald Dahl
The Bands of Mourning,Brandon Sanderson
Dune,Frank Herbert
Nimona,Noelle Stevenson
"Saga, Vol. 1",Brian K. Vaughan
The Opal Deception ,Eoin Colfer
Moon Called,Patricia Briggs
The Last Continent,Terry Pratchett
The Throne of Fire,Rick Riordan
Trickster's Choice,Tamora Pierce
This Savage Song,Victoria Schwab
The High Lord,Trudi Canavan
A Darkness At Sethanon,Raymond E. Feist
Nine Princes in Amber,Roger Zelazny
Snuff,Terry Pratchett
The Obelisk Gate,N.K. Jemisin
Dragons of Winter Night,Margaret Weis
The Wishsong of Shannara,Terry Brooks
King of the Murgos,David Eddings
Unseen Academicals,Terry Pratchett
Tower of Dawn,Sarah J. Maas
Daughter of the Blood,Anne Bishop
Harry Potter Series Box Set,J.K. Rowling
Wolf-Speaker,Tamora Pierce
The Desert Spear,Peter V. Brett
Turn Coat,Jim Butcher
Frostbite,Richelle Mead
Promise of Blood,Brian  McClellan
Magic Bites,Ilona Andrews
The False Prince,Jennifer A. Nielsen
Dragons of Spring Dawning,Margaret Weis
City of Stairs,Robert Jackson Bennett
Belgarath the Sorcerer,David Eddings
Emperor Mage,Tamora Pierce
A Storm of Swords: Blood and Gold,George R.R. Martin
Terrier,Tamora Pierce
A Natural History of Dragons,Marie Brennan
Smoke and Mirrors: Short Fiction and Illusions,Neil Gaiman
Club Dead,Charlaine Harris
The Pillars of Creation,Terry Goodkind
The Black Cauldron,Lloyd Alexander
Best Served Cold,Joe Abercrombie
Sorceress of Darshiva,David Eddings
Fragile Things: Short Fictions and Wonders,Neil Gaiman
Blood of Elves,Andrzej Sapkowski
Demon Lord of Karanda,David Eddings
Captain's Fury,Jim Butcher
The Goblin Emperor,Katherine Addison
Marked,P.C. Cast
The Seeress of Kell,David Eddings
Green Rider,Kristen Britain
The Invisible Library,Genevieve Cogman
Ready Player One,Ernest Cline
Lord Foul's Bane,Stephen R. Donaldson
Inkdeath,Cornelia Funke
Deadhouse Gates,Steven Erikson
A Storm of Swords: Steel and Snow,George R.R. Martin
"Over Sea, Under Stone",Susan Cooper
Dragonsong,Anne McCaffrey
Dead to the World,Charlaine Harris
Magician: Master,Raymond E. Feist
I Shall Wear Midnight,Terry Pratchett
The Black Company,Glen Cook
A Wind in the Door,Madeleine L'Engle
The Dragon Keeper,Robin Hobb
Alice in Wonderland,Jane Carruth
Exile,R.A. Salvatore
Rubinrot,Kerstin Gier
Princess Academy,Shannon Hale
Tehanu,Ursula K. Le Guin
Arrows of the Queen,Mercedes Lackey
Castle in the Air,Diana Wynne Jones
Ghost Story,Jim Butcher
The Darkest Part of the Forest,Holly Black
The Alchemist,Paulo Coelho
A Court of Frost and Starlight,Sarah J. Maas
Shadow Kiss,Richelle Mead
Magician,Raymond E. Feist
The Magician's Land,Lev Grossman
Trickster's Queen,Tamora Pierce
The Lost Colony,Eoin Colfer
The Diviners,Libba Bray
A Spell for Chameleon,Piers Anthony
The Paper Magician,Charlie N. Holmberg
Fantastic Beasts and Where to Find Them: The Original Screenplay,J.K. Rowling
Squire,Tamora Pierce
Naked Empire,Terry Goodkind
The Queen of Attolia,Megan Whalen Turner
Tithe: A Modern Faerie Tale,Holly Black
The Bone Season,Samantha Shannon
Cold Days,Jim Butcher
Lady Knight,Tamora Pierce
Page,Tamora Pierce
Alice's Adventures in Wonderland,Lewis Carroll
The Iron Daughter,Julie Kagawa
Sojourn,R.A. Salvatore
Kushiel's Chosen,Jacqueline Carey
The Emperor's Blades,Brian Staveley
The Book of Life,Deborah Harkness
Rebel Angels,Libba Bray
Ender's Game,Orson Scott Card
Unfinished Tales of Númenor and Middle-Earth,J.R.R. Tolkien
The Hidden Oracle,Rick Riordan
Dead as a Doornail,Charlaine Harris
Interesting Times,Terry Pratchett
The Crystal Shard,R.A. Salvatore
Sandry's Book,Tamora Pierce
A Knight of the Seven Kingdoms,George R.R. Martin
La Belle Sauvage,Philip Pullman
Blood Promise,Richelle Mead
Dragonquest,Anne McCaffrey
Animal Farm,George Orwell
Black Powder War,Naomi Novik
Captive Prince,C.S. Pacat
Stone of Farewell,Tad Williams
The Amazing Maurice and His Educated Rodents,Terry Pratchett
Chainfire,Terry Goodkind
Tuck Everlasting,Natalie Babbitt
The Serpent's Shadow,Rick Riordan
Gregor the Overlander,Suzanne Collins
Definitely Dead,Charlaine Harris
Red Sister,Mark  Lawrence
Fairest,Marissa Meyer
Hex Hall,Rachel Hawkins
Library of Souls,Ransom Riggs
Miecz przeznaczenia,Andrzej Sapkowski
Kingdom of Ash,Sarah J. Maas
Beastly,Alex Flinn
Luck in the Shadows,Lynn Flewelling
The Blinding Knife,Brent Weeks
King of Thorns,Mark  Lawrence
Magic Kingdom For Sale/Sold,Terry Brooks
The White Dragon,Anne McCaffrey
The Winner's Crime,Marie Rutkoski
The Invasion of the Tearling,Erika Johansen
Allegiant,Veronica Roth
The High King,Lloyd Alexander
Nevernight,Jay Kristoff
Written in Red,Anne Bishop
Dragonfly in Amber,Diana Gabaldon
Phantom,Terry Goodkind
All Together Dead,Charlaine Harris
The Looking Glass Wars,Frank Beddor
The Rook,Daniel O'Malley
Wildwood Dancing,Juliet Marillier
Flame in the Mist,Renée Ahdieh
Fairest,Gail Carson Levine
The BFG,Roald Dahl
The Stone Sky,N.K. Jemisin
The City of Brass,S.A. Chakraborty
The Star-Touched Queen,Roshani Chokshi
A Swiftly Tilting Planet,Madeleine L'Engle
The Crystal Cave,Mary  Stewart
James and the Giant Peach,Roald Dahl
Spirit Bound,Richelle Mead
Dragonsinger,Anne McCaffrey
The Two Princesses of Bamarre,Gail Carson Levine
Memories of Ice,Steven Erikson
Matilda,Roald Dahl
Confessor,Terry Goodkind
The Iron Trial,Holly Black
Kushiel's Avatar,Jacqueline Carey
The Time Paradox,Eoin Colfer
Trigger Warning: Short Fictions and Disturbances,Neil Gaiman
Red Rising,Pierce Brown
The Castle of Llyr,Lloyd Alexander
Last Sacrifice,Richelle Mead
Life of Pi,Yann Martel
From Dead to Worse,Charlaine Harris
The Warrior Heir,Cinda Williams Chima
To Kill a Kingdom,Alexandra Christo
The Sweet Far Thing,Libba Bray
Polgara the Sorceress,David Eddings
Dead and Gone,Charlaine Harris
The Hazel Wood,Melissa Albert
The Maze Runner,James Dashner
The School for Good and Evil,Soman Chainani
Magic's Pawn,Mercedes Lackey
Splintered,A.G. Howard
The Girl Who Drank the Moon,Kelly Barnhill
Time of the Twins,Margaret Weis
The Vampire Lestat,Anne Rice
All the Birds in the Sky,Charlie Jane Anders
The Heroes,Joe Abercrombie
Taran Wanderer,Lloyd Alexander
Skin Game,Jim Butcher
Among Others,Jo Walton
The Doll's House,Neil Gaiman
Linger,Maggie Stiefvater
The Field Guide,Tony DiTerlizzi
I Am Number Four,Pittacus Lore
The Aeronaut's Windlass,Jim Butcher
The Iron Queen,Julie Kagawa
The Short Second Life of Bree Tanner,Stephenie Meyer
King's Cage,Victoria Aveyard
The Language of Thorns: Midnight Tales and Dangerous Magic,Leigh Bardugo
The Library at Mount Char,Scott  Hawkins
The Broken Kingdoms,N.K. Jemisin
The Burning Bridge,John Flanagan
The Exiled Queen,Cinda Williams Chima
Son of the Shadows,Juliet Marillier
The Daylight War,Peter V. Brett
The Ruby Knight,David Eddings
Evermore,Alyson Noel
The King of Attolia,Megan Whalen Turner
"Saga, Vol. 2",Brian K. Vaughan
House of Many Ways,Diana Wynne Jones
The Tale of Despereaux,Kate DiCamillo
The Last Hero,Terry Pratchett
Streams of Silver,R.A. Salvatore
The Sapphire Rose,David Eddings
The Crown of Embers,Rae Carson
Raising Steam,Terry Pratchett
The Poppy War,R.F. Kuang
The Selection,Kiera Cass
Mossflower,Brian Jacques
Empire of Ivory,Naomi Novik
The Witches,Roald Dahl
The Sleeper and the Spindle,Neil Gaiman
Calling on Dragons,Patricia C. Wrede
Night Watch,Sergei Lukyanenko
Shatter Me,Tahereh Mafi
The Killing Moon,N.K. Jemisin
On a Pale Horse,Piers Anthony
Czas pogardy,Andrzej Sapkowski
Dragon Haven,Robin Hobb
Prince of Fools,Mark  Lawrence
Something Wicked This Way Comes,Ray Bradbury
The Girl in the Tower,Katherine Arden
The Stand,Stephen King
The Halfling's Gem,R.A. Salvatore
Bloodhound,Tamora Pierce
Son of a Witch,Gregory Maguire
Blood Bound,Patricia Briggs
Stolen Songbird,Danielle L. Jensen
Rise of Empire,Michael J. Sullivan
Ink and Bone,Rachel Caine
J.R.R. Tolkien 4-Book Boxed Set: The Hobbit and The Lord of the Rings,J.R.R. Tolkien
Wintersong,S. Jae-Jones
War of the Twins,Margaret Weis
Age of Myth,Michael J. Sullivan
Dead in the Family,Charlaine Harris
Firefight,Brandon Sanderson
Book of a Thousand Days,Shannon Hale
The Winner's Kiss,Marie Rutkoski
Test of the Twins,Margaret Weis
Dragon Rider,Cornelia Funke
The Scions of Shannara,Terry Brooks
The Magician,Michael Scott
Talking to Dragons,Patricia C. Wrede
Half Bad,Sally Green
Elric of Melniboné,Michael Moorcock
House of Chains,Steven Erikson
Paladin of Souls,Lois McMaster Bujold
Charmed Life,Diana Wynne Jones
Obsidian,Jennifer L. Armentrout
Seventh Son,Orson Scott Card
Crescendo,Becca Fitzpatrick
Bloodfever,Karen Marie Moning
World After,Susan Ee
Tris's Book,Tamora Pierce
Changeless,Gail Carriger
Dead Witch Walking,Kim Harrison
Ash,Malinda Lo
The Lions of Al-Rassan,Guy Gavriel Kay
Revenge of the Witch,Joseph Delaney
Deathless,Catherynne M. Valente
Iron Kissed,Patricia Briggs
Eona: The Last Dragoneye,Alison Goodman
The Wind Through the Keyhole,Stephen King
Cursor's Fury,Jim Butcher
Dragon Wing,Margaret Weis
The Dragon's Path,Daniel Abraham
"Monstress, Vol. 1: Awakening",Marjorie M. Liu
The Crown Tower,Michael J. Sullivan
Legend,David Gemmell
The Bad Beginning,Lemony Snicket
Down Among the Sticks and Bones,Seanan McGuire
Dream Country,Neil Gaiman
The Summoning,Kelley Armstrong
The Song of Achilles,Madeline Miller
Across the Nightingale Floor,Lian Hearn
"Fables, Vol. 1: Legends in Exile",Bill Willingham
Heir to the Shadows,Anne Bishop
The Buried Giant,Kazuo Ishiguro
Moon Over Soho,Ben Aaronovitch
Beautiful Darkness,Kami Garcia
Daja's Book,Tamora Pierce
Incarceron,Catherine Fisher
Clariel,Garth Nix
Arrow's Flight,Mercedes Lackey
Lord of Shadows,Cassandra Clare
Storm Glass,Maria V. Snyder
Flyte,Angie Sage
The Druid of Shannara,Terry Brooks
Through the Looking-Glass and What Alice Found There,Lewis Carroll
Betrayed,P.C. Cast
Frankenstein,Mary Wollstonecraft Shelley
Lost in a Good Book,Jasper Fforde
Odd and the Frost Giants,Neil Gaiman
Briar's Book,Tamora Pierce
Gulliver's Travels,Jonathan Swift
Shaman's Crossing,Robin Hobb
Midnight Tides,Steven Erikson
The Picture of Dorian Gray,Oscar Wilde
Radiance,Grace Draven
Arrow's Fall,Mercedes Lackey
Voyager,Diana Gabaldon
Captive Prince: Volume Two,C.S. Pacat
Rise of the Evening Star,Brandon Mull
Traitor's Blade,Sebastien de Castell
Unearthly,Cynthia Hand
Hexed,Kevin Hearne
The Thief Lord,Cornelia Funke
Heir of Novron,Michael J. Sullivan
White Cat,Holly Black
My Lady Jane,Cynthia Hand
Queen of the Darkness,Anne Bishop
First King of Shannara,Terry Brooks
"Saga, Vol. 3",Brian K. Vaughan
Spindle's End,Robin McKinley
The Heart of Betrayal,Mary E. Pearson
Magic's Promise,Mercedes Lackey
The Icebound Land,John Flanagan
The Naming,Alison Croggon
The Bird and the Sword,Amy Harmon
The Iron Knight,Julie Kagawa
The Darkness That Comes Before,R. Scott Bakker
The Elf Queen of Shannara,Terry Brooks
Hunted,Meagan Spooner
Red Country,Joe Abercrombie
The Talismans of Shannara,Terry Brooks
The Broken Eye,Brent Weeks
Shadow Scale,Rachel Hartman
Entwined,Heather Dixon Wallwork
Half the World,Joe Abercrombie
Crimson Bound,Rosamund Hodge
Shades of Milk and Honey,Mary Robinette Kowal
Victory of Eagles,Naomi Novik
The Crimson Crown,Cinda Williams Chima
The Atlantis Complex,Eoin Colfer
Magic Burns,Ilona Andrews
Chrzest ognia,Andrzej Sapkowski
The World of Ice &amp; Fire: The Untold History of Westeros and the Game of Thrones,George R.R. Martin
Confessions of an Ugly Stepsister,Gregory Maguire
Shadowfever,Karen Marie Moning
Deerskin,Robin McKinley
Season of Mists,Neil Gaiman
The Historian,Elizabeth Kostova
The Hobbit: Graphic Novel,Chuck Dixon
Sorcery &amp; Cecelia: or The Enchanted Chocolate Pot,Patricia C. Wrede
Magic's Price,Mercedes Lackey
The Source of Magic,Piers Anthony
Saphirblau,Kerstin Gier
Dark Triumph,Robin LaFevers
Dark Lover,J.R. Ward
The Archived,Victoria Schwab
Dead Reckoning,Charlaine Harris
"Rat Queens, Vol. 1: Sass &amp; Sorcery",Kurtis J. Wiebe
The Queen of the Damned,Anne Rice
The Hammer of Thor,Rick Riordan
The Knife of Never Letting Go,Patrick Ness
Silver on the Tree,Susan Cooper
And I Darken,Kiersten White
Servant of the Empire,Raymond E. Feist
Bone Crossed,Patricia Briggs
Enchantment,Orson Scott Card
The Complete Grimm's Fairy Tales,Jacob Grimm
The Last Dragonslayer,Jasper Fforde
Leviathan,Scott Westerfeld
Enna Burning,Shannon Hale
Dreamfever,Karen Marie Moning
The Battle for Skandia,John Flanagan
Guilty Pleasures,Laurell K. Hamilton
To Green Angel Tower,Tad Williams
Skulduggery Pleasant,Derek Landy
Mister Monday,Garth Nix
Throne of the Crescent Moon,Saladin Ahmed
Domes of Fire,David Eddings
The Fairy Godmother,Mercedes Lackey
Tower Lord,Anthony Ryan
The Sorceress,Michael Scott
An Enchantment of Ravens,Margaret  Rogerson
Chosen,P.C. Cast
The Other Wind,Ursula K. Le Guin
East,Edith Pattou
Bloodlines,Richelle Mead
Kushiel's Scion,Jacqueline Carey
Forever,Maggie Stiefvater
The City of Ember,Jeanne DuPrau
Torment,Lauren Kate
The Demigod Files,Rick Riordan
Mastiff,Tamora Pierce
Blameless,Gail Carriger
The Rest of Us Just Live Here,Patrick Ness
The Burning Sky,Sherry Thomas
Rebel Spring,Morgan Rhodes
Switched,Amanda Hocking
The Power That Preserves,Stephen R. Donaldson
Debt of Bones,Terry Goodkind
The Angel Experiment,James Patterson
Wings,Aprilynne Pike
Where the Wild Things Are,Maurice Sendak
Heart's Blood,Juliet Marillier
So You Want to Be a Wizard,Diane Duane
Tales from Earthsea,Ursula K. Le Guin
Kings Rising,C.S. Pacat
Cry Wolf,Patricia Briggs
Side Jobs: Stories from the Dresden Files,Jim Butcher
Halfway to the Grave,Jeaniene Frost
Everless,Sara  Holland
Titus Groan,Mervyn Peake
The Bone Clocks,David Mitchell
Akata Witch,Nnedi Okorafor
The Wandering Fire,Guy Gavriel Kay
The Shining Ones,David Eddings
Fool's Quest ,Robin Hobb
Many Waters,Madeleine L'Engle
Cast in Shadow,Michelle Sagara
Shadow of a Dark Queen,Raymond E. Feist
How to Train Your Dragon,Cressida Cowell
The Darkest Minds,Alexandra Bracken
The Unbecoming of Mara Dyer,Michelle Hodkin
The Talisman,Stephen King
Princess of the Midnight Ball,Jessica Day George
A Promise of Fire,Amanda Bouchet
Castle Roogna,Piers Anthony
The Steel Remains,Richard K. Morgan
Silver Borne,Patricia Briggs
Grip of the Shadow Plague,Brandon Mull
Rose Daughter,Robin McKinley
Passenger,Alexandra Bracken
Ink Exchange,Melissa Marr
The Fate of the Tearling,Erika Johansen
The Hidden City,David Eddings
The City &amp; the City,China Miéville
Whispers Under Ground,Ben Aaronovitch
Reaper's Gale,Steven Erikson
A Midsummer Night's Dream,William Shakespeare
Bitten,Kelley Armstrong
The Bane Chronicles,Cassandra Clare
The Grace of Kings,Ken Liu
Tiger Lily,Jodi Lynn Anderson
Smaragdgrün,Kerstin Gier
The Bone Doll's Twin,Lynn Flewelling
First Rider's Call,Kristen Britain
The Kingdom of Gods,N.K. Jemisin
Froi of the Exiles,Melina Marchetta
Magic Steps,Tamora Pierce
Air Awakens,Elise Kova
A Game of You,Neil Gaiman
The Scar,China Miéville
Silence,Becca Fitzpatrick
The Well of Lost Plots,Jasper Fforde
Stalking Darkness,Lynn Flewelling
Untamed,P.C. Cast
The Odyssey,Homer
Wieża Jaskółki,Andrzej Sapkowski
Blood of Dragons,Robin Hobb
The Guns of Avalon,Roger Zelazny
Muse of Nightmares,Laini Taylor
Swordspoint,Ellen Kushner
Moreta: Dragonlady of Pern,Anne McCaffrey
The Forgotten Beasts of Eld,Patricia A. McKillip
Martin the Warrior,Brian Jacques
Stars Above,Marissa Meyer
The Crown Conspiracy,Michael J. Sullivan
Prince of the Blood,Raymond E. Feist
The Midnight Star,Marie Lu
Physik,Angie Sage
Dreamer's Pool,Juliet Marillier
Magic Bleeds,Ilona Andrews
"Saga, Vol. 4",Brian K. Vaughan
The Coldest Girl in Coldtown,Holly Black
The Darkest Road,Guy Gavriel Kay
Mrs. Frisby and the Rats of NIMH,Robert C. O'Brien
Stormdancer,Jay Kristoff
Black Sun Rising,C.S. Friedman
Hammered,Kevin Hearne
The Wishing Spell,Chris Colfer
Midnight Sun,Stephenie Meyer
Wonder Woman: Warbringer,Leigh Bardugo
Murder of Crows,Anne Bishop
The Sorcerer in the North,John Flanagan
Bridge to Terabithia,Katherine Paterson
Every Day,David Levithan
Daggerspell,Katharine Kerr
Rosemary and Rue,Seanan McGuire
Rise of a Merchant Prince,Raymond E. Feist
The Ladies of Grace Adieu and Other Stories,Susanna Clarke
Toll the Hounds,Steven Erikson
Kings of the Wyld,Nicholas Eames
The Princess and the Goblin ,George MacDonald
The Necromancer ,Michael Scott
Rhapsody: Child of Blood,Elizabeth Haydon
Uglies,Scott Westerfeld
The Traitor Baru Cormorant,Seth Dickinson
Abarat,Clive Barker
The Legacy,R.A. Salvatore
Calamity,Brandon Sanderson
Kushiel's Justice,Jacqueline Carey
Magonia,Maria Dahvana Headley
Cloud Atlas,David Mitchell
The Great Book of Amber,Roger Zelazny
Lord of the Fading Lands,C.L. Wilson
Tiger's Curse,Colleen Houck
Paranormalcy,Kiersten White
Kraken,China Miéville
River Marked,Patricia Briggs
The Strange and Beautiful Sorrows of Ava Lavender,Leslye Walton
The Crown's Game,Evelyn Skye
Beneath the Sugar Sky,Seanan McGuire
Winds of Fate,Mercedes Lackey
Drums of Autumn,Diana Gabaldon
The Magic of Recluce,L.E. Modesitt Jr.
Fables &amp; Reflections,Neil Gaiman
Secrets of the Dragon Sanctuary,Brandon Mull
1Q84,Haruki Murakami
"Fortunately, the Milk",Neil Gaiman
Chalice,Robin McKinley
Talon,Julie Kagawa
The Seeing Stone,Tony DiTerlizzi
The King's Buccaneer,Raymond E. Feist
Street Magic,Tamora Pierce
The Shepherd's Crown,Terry Pratchett
Forest Mage,Robin Hobb
Lady of Avalon,Marion Zimmer Bradley
The Innocent Mage,Karen Miller
Demonglass,Rachel Hawkins
Nation,Terry Pratchett
Heartless,Gail Carriger
Tongues of Serpents,Naomi Novik
A Reaper at the Gates,Sabaa Tahir
On the Edge,Ilona Andrews
End of Days,Susan Ee
The Queen of Blood ,Sarah Beth Durst
Firelight,Sophie Jordan
A Christmas Carol,Charles Dickens
Legend,Marie Lu
Mariel of Redwall,Brian Jacques
Small Favor,Jim Butcher
Rogues,George R.R. Martin
Furyborn,Claire Legrand
Starless Night,R.A. Salvatore
The Siege of Macindaw,John Flanagan
The Will of the Empress,Tamora Pierce
Hunted,P.C. Cast
Deadlocked,Charlaine Harris
The Wind in the Willows,Kenneth Grahame
The Magician's Apprentice,Trudi Canavan
The Redemption of Althalus,David Eddings
Un Lun Dun,China Miéville
Abraham Lincoln: Vampire Hunter,Seth Grahame-Smith
A Song for Arbonne,Guy Gavriel Kay
Centaur Aisle,Piers Anthony
Charlotte's Web,E.B. White
Magic Slays,Ilona Andrews
The Bloody Chamber and Other Stories,Angela Carter
The Wounded Land,Stephen R. Donaldson
Beowulf,Unknown
Unspoken,Sarah Rees Brennan
Rage of a Demon King,Raymond E. Feist
A Thousand Nights,E.K. Johnston
The Skull Throne,Peter V. Brett
Half-Blood,Jennifer L. Armentrout
Pride and Prejudice and Zombies,Seth Grahame-Smith
The Forest House,Marion Zimmer Bradley
The Novice,Taran Matharu
Keys to the Demon Prison,Brandon Mull
Crown Duel,Sherwood Smith
Broken Homes,Ben Aaronovitch
Dust of Dreams,Steven Erikson
Scent of Magic,Maria V. Snyder
Brief Lives,Neil Gaiman
The Shadow of the Torturer,Gene Wolfe
The Red Knight,Miles  Cameron
Siege of Darkness,R.A. Salvatore
The Crimson Campaign,Brian  McClellan
Bearing an Hourglass,Piers Anthony
Sailing to Sarantium,Guy Gavriel Kay
Beautiful Chaos,Kami Garcia
The Ambassador's Mission,Trudi Canavan
The Oathbound,Mercedes Lackey
The Gray Wolf Throne,Cinda Williams Chima
Pani Jeziora,Andrzej Sapkowski
Dark Lord of Derkholm,Diana Wynne Jones
Our Dark Duet,Victoria Schwab
Matched,Ally Condie
The Handmaid's Tale,Margaret Atwood
Ilse Witch,Terry Brooks
Cold Fire,Tamora Pierce
Salamandastron,Brian Jacques
Half a War,Joe Abercrombie
Winds of Change,Mercedes Lackey
The Girl of Fire and Thorns,Rae Carson
Priestess of the White,Trudi Canavan
"The Book of Lost Tales, Part One",J.R.R. Tolkien
Lament: The Faerie Queen's Deception,Maggie Stiefvater
The Last Guardian,Eoin Colfer
Another Fine Myth,Robert Lynn Asprin
The Belles,Dhonielle Clayton
Cold Magic,Kate Elliott
Dragon Slippers,Jessica Day George
The Wicked King,Holly Black
The Crippled God,Steven Erikson
Sign of the Unicorn,Roger Zelazny
World's End,Neil Gaiman
Lady Midnight,Cassandra Clare
Running with the Demon,Terry Brooks
Shadowfell,Juliet Marillier
Onyx,Jennifer L. Armentrout
The Screaming Staircase,Jonathan Stroud
Something Rotten,Jasper Fforde
Night Mare,Piers Anthony
River Secrets,Shannon Hale
Tricked,Kevin Hearne
The Golden Lily,Richelle Mead
Quintana of Charyn,Melina Marchetta
The Hero and the Crown,Robin McKinley
In the Night Garden,Catherynne M. Valente
Who Fears Death,Nnedi Okorafor
Changes,Jim Butcher
Arcanum Unbounded: The Cosmere Collection,Brandon Sanderson
The Elite,Kiera Cass
"Ogre, Ogre",Piers Anthony
The Falconer,Elizabeth May
Anna Dressed in Blood,Kendare Blake
Malice,John Gwynne
Mr. Penumbra's 24-Hour Bookstore,Robin Sloan
The Courts of Chaos,Roger Zelazny
Valiant: A Modern Tale Of Faerie,Holly Black
The Bone Witch,Rin Chupeco
The Dark Prophecy,Rick Riordan
"Saga, Vol. 5",Brian K. Vaughan
Vision in Silver,Anne Bishop
The Runaway King,Jennifer A. Nielsen
Mortal Heart,Robin LaFevers
Lips Touch: Three Times,Laini Taylor
Queste,Angie Sage
The Passage,Justin Cronin
The One Tree,Stephen R. Donaldson
Assassin's Fate,Robin Hobb
Clean Sweep,Ilona Andrews
Serpent Mage,Margaret Weis
The Awakening,Kelley Armstrong
Sea Glass,Maria V. Snyder
Fire Sea,Margaret Weis
Renegades,Marissa Meyer
Shadowmarch,Tad Williams
Shards of a Broken Crown,Raymond E. Feist
Winds of Fury,Mercedes Lackey
The Kindly Ones,Neil Gaiman
The Warlock,Michael Scott
Starcrossed,Josephine Angelini
Red Prophet,Orson Scott Card
The Rose &amp; the Dagger,Renée Ahdieh
Frost Burned,Patricia Briggs
Libriomancer,Jim C. Hines
Secret History,Brandon Sanderson
Erak's Ransom,John Flanagan
The Assassin's Curse,Cassandra Rose Clarke
Jackaby,William Ritter
Lucinda's Secret,Tony DiTerlizzi
Tempted,P.C. Cast
Timeless,Gail Carriger
The Beauty of Darkness,Mary E. Pearson
The Hand of Oberon,Roger Zelazny
Tempests and Slaughter,Tamora Pierce
Traitor's Moon,Lynn Flewelling
"To Green Angel Tower, Part 2",Tad Williams
Walk on Earth a Stranger ,Rae Carson
One Dark Throne,Kendare Blake
Under the Never Sky,Veronica Rossi
The Girl from Everywhere,Heidi Heilig
The Master and Margarita,Mikhail Bulgakov
Of Fire and Stars,Audrey Coulthurst
The Witching Hour,Anne Rice
Bridge of Birds,Barry Hughart
The Lives of Christopher Chant,Diana Wynne Jones
Passion,Lauren Kate
The Hallowed Hunt,Lois McMaster Bujold
The Shadow of What Was Lost,James Islington
The Black Gryphon,Mercedes Lackey
Wizard at Large,Terry Brooks
Oathbreakers,Mercedes Lackey
The Metamorphosis,Franz Kafka
The Assassin and the Pirate Lord,Sarah J. Maas
The Ship of the Dead,Rick Riordan
Mirror Mirror,Gregory Maguire
Renegade's Magic,Robin Hobb
The Ironwood Tree,Tony DiTerlizzi
The Shadow Queen,C.J. Redwine
Of Poseidon,Anna Banks
The Masterharper of Pern,Anne McCaffrey
Edgedancer,Brandon Sanderson
Alif the Unseen,G. Willow Wilson
The Forbidden Wish,Jessica Khoury
Angels' Blood,Nalini Singh
Naamah's Kiss,Jacqueline Carey
Legendary,Stephanie Garber
City of Dragons,Robin Hobb
Witch &amp; Wizard,James Patterson
The Wake,Neil Gaiman
Dreams Made Flesh,Anne Bishop
Weaveworld,Clive Barker
The Hand of Chaos,Margaret Weis
The Indigo Spell,Richelle Mead
The High King's Tomb,Kristen Britain
The Wizard Heir,Cinda Williams Chima
A Dirty Job,Christopher Moore
The Glass Magician,Charlie N. Holmberg
Reckless,Cornelia Funke
The Goddess Test,Aimee Carter
A Dance with Dragons 2: After the Feast,George R.R. Martin
A Lion Among Men,Gregory Maguire
Take a Thief,Mercedes Lackey
The Ice Dragon,George R.R. Martin
Swords and Deviltry,Fritz Leiber
The Wayfarer Redemption,Sara Douglass
Dead Ever After,Charlaine Harris
Into the Labyrinth,Margaret Weis
The Sin Eater’s Daughter,Melinda Salisbury
Storm Warning,Mercedes Lackey
Passage to Dawn,R.A. Salvatore
Rebel Belle,Rachel Hawkins
Blue Bloods,Melissa de la Cruz
Antrax,Terry Brooks
Dragons of Summer Flame,Margaret Weis
The Emperor's Edge,Lindsay Buroker
Across the Wall: A Tale of the Abhorsen and Other Stories,Garth Nix
Magic Rises,Ilona Andrews
Senlin Ascends,Josiah Bancroft
Foxglove Summer,Ben Aaronovitch
The Wrath of Mulgarath,Tony DiTerlizzi
Beauty: A Retelling of the Story of Beauty and the Beast,Robin McKinley
A Kiss of Shadows,Laurell K. Hamilton
Master of Crows,Grace Draven
Sheepfarmer's Daughter,Elizabeth Moon
The Mirror of Her Dreams,Stephen R. Donaldson
The Seventh Gate,Margaret Weis
Wildest Dreams,Kristen Ashley
Troubled Waters,Sharon Shinn
The Rose Society,Marie Lu
Taliesin,Stephen R. Lawhead
Armageddon's Children,Terry Brooks
Summers at Castle Auburn,Sharon Shinn
"Short Stories from Hogwarts of Power, Politics and Pesky Poltergeists",J.K. Rowling
Incarnate,Jodi Meadows
Alcatraz Versus the Evil Librarians,Brandon Sanderson
Alice,Christina Henry
The Invisible Ring,Anne Bishop
Savvy,Ingrid Law
Practical Magic,Alice Hoffman
Keturah and Lord Death,Martine Leavitt
The Dark Days Club,Alison Goodman
Under Heaven,Guy Gavriel Kay
Hogwarts: An Incomplete and Unreliable Guide,J.K. Rowling
The Orphan Queen,Jodi Meadows
Scythe,Neal Shusterman
Heir to Sevenwaters,Juliet Marillier
Carve the Mark,Veronica Roth
Finale,Becca Fitzpatrick
The Tale of the Body Thief,Anne Rice
The Hollow Hills,Mary  Stewart
Thirteenth Child,Patricia C. Wrede
Wielding a Red Sword,Piers Anthony
The One,Kiera Cass
Golden Son,Pierce Brown
Ice Like Fire,Sara Raasch
The Reckoning,Kelley Armstrong
The Kings of Clonmel,John Flanagan
Nevermoor: The Trials of Morrigan Crow,Jessica  Townsend
First Grave on the Right,Darynda Jones
Beautiful Redemption,Kami Garcia
Forest Born,Shannon Hale
Chronicles of the Black Company,Glen Cook
World War Z: An Oral History of the Zombie War,Max Brooks
"The Wicked + The Divine, Vol. 1: The Faust Act",Kieron Gillen
The Lovely Bones,Alice Sebold
The Snow Child,Eowyn Ivey
11/22/63,Stephen King
The Scorch Trials,James Dashner
War Storm,Victoria Aveyard
Among Thieves,Douglas Hulick
Morgawr,Terry Brooks
Trapped,Kevin Hearne
The Dark Elf Trilogy Collector's Edition,R.A. Salvatore
Crucible of Gold,Naomi Novik
Delirium,Lauren Oliver
The Rose and the Thorn,Michael J. Sullivan
Wildwood,Colin Meloy
Sandman Slim,Richard Kadrey
The Blood Mirror,Brent Weeks
Midnight for Charlie Bone,Jenny Nimmo
The Cloud Roads,Martha Wells
The Providence of Fire,Brian Staveley
The Long Dark Tea-Time of the Soul,Douglas Adams
Storm Rising,Mercedes Lackey
The Immortal Rules,Julie Kagawa
The Masked City,Genevieve Cogman
Spell Bound,Rachel Hawkins
The Autumn Republic,Brian  McClellan
The Left Hand of Darkness,Ursula K. Le Guin
Ironside: A Modern Faery's Tale,Holly Black
A Shadow Bright and Burning,Jessica Cluess
Enchanted,Alethea Kontis
The Left Hand of God,Paul  Hoffman
Shades of Grey,Jasper Fforde
Unravel Me,Tahereh Mafi
Night of Cake &amp; Puppets,Laini Taylor
The Emerald Atlas,John  Stephens
Foundryside,Robert Jackson Bennett
Marked in Flesh,Anne Bishop
Huntress,Malinda Lo
Till We Have Faces,C.S. Lewis
The Bellmaker,Brian Jacques
The King of Elfland's Daughter,Lord Dunsany
Into the Wild,Erin Hunter
Gregor and the Prophecy of Bane,Suzanne Collins
Ever,Gail Carson Levine
Talon of the Silver Hawk,Raymond E. Feist
Forest of a Thousand Lanterns,Julie C. Dao
Hunting Ground,Patricia Briggs
The Fiery Cross,Diana Gabaldon
Girls of Paper and Fire,Natasha Ngan
The Dragonriders of Pern,Anne McCaffrey
"Little, Big",John Crowley
The Renegades of Pern,Anne McCaffrey
Shadow Study,Maria V. Snyder
Burned,P.C. Cast
Halt's Peril,John Flanagan
First Lord's Fury,Jim Butcher
Defy,Sara B. Larson
Spy Glass,Maria V. Snyder
The Complete Fairy Tales,Hans Christian Andersen
Fragile Eternity,Melissa Marr
Being a Green Mother,Piers Anthony
The Power of Six,Pittacus Lore
Dragon Bones,Patricia Briggs
The Enchantress,Michael Scott
Frozen Tides,Morgan Rhodes
The Forest of Hands and Teeth,Carrie Ryan
Storm Breaking,Mercedes Lackey
Windwitch,Susan Dennard
The Sword in the Stone,T.H. White
Torn,Amanda Hocking
Mystic and Rider,Sharon Shinn
Lord Brocktree,Brian Jacques
Labyrinth Lost,Zoraida Córdova
Lover Eternal,J.R. Ward
"Sun and Moon, Ice and Snow",Jessica Day George
Touch of Power,Maria V. Snyder
The Elvenbane,Andre Norton
The Thousand Orcs,R.A. Salvatore
Mythago Wood,Robert Holdstock
One Good Knight,Mercedes Lackey
The Restaurant at the End of the Universe,Douglas Adams
Garden Spells,Sarah Addison Allen
The Runelords,David Farland
"Rat Queens, Vol. 2: The Far Reaching Tentacles of N'rygoth",Kurtis J. Wiebe
The Deed of Paksenarrion,Elizabeth Moon
Grim Tuesday,Garth Nix
Shadows Linger,Glen Cook
Pegasus,Robin McKinley
The Silent Blade,R.A. Salvatore
The White Gryphon,Mercedes Lackey
Outcast of Redwall,Brian Jacques
The Briar King,Greg Keyes
Shadow &amp; Claw,Gene Wolfe
Grass for His Pillow,Lian Hearn
Watchmen,Alan Moore
Krondor: The Betrayal,Raymond E. Feist
Sky in the Deep,Adrienne Young
Welcome to Night Vale,Joseph Fink
Furthermore,Tahereh Mafi
"The Good, the Bad, and the Undead",Kim Harrison
The Fire Rose,Mercedes Lackey
Day Watch,Sergei Lukyanenko
Where the Mountain Meets the Moon,Grace Lin
Crewel Lye,Piers Anthony
Magic Strikes,Ilona Andrews
Everneath,Brodi Ashton
Seeing Redd,Frank Beddor
Exile's Honor,Mercedes Lackey
First Among Sequels,Jasper Fforde
Frostblood,Elly Blake
Opal,Jennifer L. Armentrout
